{
  "mean": [
    109219.7192,
    109554.7206,
    108827.68179999999,
    109197.84886666668,
    6484.9785,
    -0.0002239093456948086,
    -0.00021275401755975015,
    153973.02150080196,
    154463.4812938028,
    153401.86421362514,
    153942.75747373616,
    109317.94024983121,
    109470.52479944866,
    110256.37038816295,
    49.10160423017053,
    48.926322663620496,
    48.50565742522409,
    -135.61773211549914,
    -4.146290816890959,
    -131.1259191493988,
    0.47488398033887197,
    50.72798748307553,
    50.715590636138806,
    724.537883208267,
    728.4104564885874,
    1.0033396022387817,
    -342111.08228733385,
    831.7388719385883,
    1353.4156813541867,
    3.502666666666667
  ],
  "scale": [
    8451.56123114016,
    8425.408609399447,
    8535.71481453206,
    8477.717130031648,
    6792.927490687442,
    0.00472006948064776,
    0.0047148332296124435,
    12203.742507562876,
    12176.782700288411,
    12314.955811209145,
    12243.284955947956,
    8214.607456335987,
    7902.869006159274,
    6573.6035718363855,
    15.654058674709573,
    13.168380196983394,
    10.626450127376028,
    590.9232113237896,
    172.33662005113902,
    553.3839243970259,
    0.33107031369181666,
    32.474738721561664,
    31.17286767571172,
    265.2298778612392,
    199.6367594684329,
    0.22857783359264247,
    257231.11088814776,
    518.2399915030319,
    687.7233644510801,
    2.2930313754697926
  ],
  "n_features_in_": 30
}