{
  "mean": [
    89690.46040000001,
    89905.4194,
    89484.99759999999,
    89701.37240000001,
    4603.999332,
    0.00010905152592810049,
    0.00011441474095933797,
    127554.20407900946,
    127864.24493613499,
    127262.31279037063,
    127571.15805028629,
    89704.56404365905,
    89731.806789357,
    89886.50916611297,
    27.00601770773703,
    54.465536255172424,
    55.1170047726754,
    56.56425769654028,
    55.06071457895089,
    1.8880657436589494,
    53.95511321307611,
    0.5841082986738573,
    49.88455756944084,
    49.89697891919536,
    89650.1346846452,
    430.59081819003507,
    462.620515505907,
    0.9462511689443402,
    28498.53813800001,
    422.6547004605239,
    636.2212576295186
  ],
  "scale": [
    1959.7610802727559,
    1994.7374821072672,
    1934.5426772429294,
    1959.037026836971,
    4840.198325378477,
    0.0032733890325466583,
    0.0032730181079662106,
    2603.2679278263718,
    2657.8189746924036,
    2558.3165662627384,
    2600.182976912266,
    1893.4181529172279,
    1823.0709022336994,
    1385.3280658942583,
    13.360123925112415,
    13.723596974721463,
    12.036319407491396,
    11.648929711048853,
    231.68043195986584,
    78.76605903416595,
    213.7753043541757,
    0.30633902211723774,
    30.03940860655135,
    28.540043516000043,
    1925.9348853860238,
    147.1234930523215,
    150.0963652020153,
    0.23932602264286718,
    39140.49591634298,
    232.2444860898336,
    241.9680924285559
  ],
  "n_features_in_": 31
}