{
  "mean": [
    94685.7832,
    95058.898,
    94255.03580000001,
    94666.30140000001,
    7435.0838779999995,
    -0.00020749880199278934,
    -0.00019140565204977844,
    130927.95879345974,
    131464.0123123439,
    130279.00800715435,
    130875.01389175639,
    94602.57449064446,
    94537.17893569845,
    94258.82454983385,
    48.897012925891985,
    48.57303586306809,
    48.05181979695839,
    -167.2557403244609,
    3.5160629786815587,
    -170.77180330314246,
    0.47617384357412595,
    50.42593983641977,
    50.49301502607171,
    816.6533808770993,
    838.8182480708609,
    0.9708277788747398,
    -139991.69400000008,
    928.9394277409776,
    1436.7891058809084,
    3.508
  ],
  "scale": [
    7022.864857472181,
    6998.514785709607,
    7061.674330713529,
    7019.18334325426,
    6464.137367861244,
    0.0056717449523552114,
    0.00566574579174827,
    8798.390893608394,
    8763.502955604106,
    8806.02645986054,
    8747.197816577991,
    7000.015672573215,
    6923.108009164109,
    5023.958024054259,
    15.19264619649257,
    12.159302260435659,
    9.070156179774099,
    582.0687245379802,
    178.6766379101308,
    542.2350851215048,
    0.322480407943427,
    32.65893784850882,
    31.419370695380728,
    204.4866575386274,
    128.6194015133506,
    0.16030410138709744,
    169502.2629195294,
    488.1613851469739,
    693.3900872562091,
    2.2965051709064364
  ],
  "n_features_in_": 30
}