{
  "mean": [
    89846.9774,
    90158.7266,
    89523.276,
    89839.87359999999,
    6496.905229999999,
    -8.172234239583142e-05,
    -6.739221382940776e-05,
    127276.45970885076,
    127722.57344281561,
    126810.0907362796,
    127266.97921221112,
    89878.63978170478,
    89954.1798359202,
    90428.01902159468,
    30.004692926270707,
    49.01179760576138,
    49.83745555459068,
    51.93771152721186,
    -65.4636988550683,
    0.5611351814129489,
    -62.87214834545001,
    0.47381712584406555,
    46.87566459741211,
    46.88460442282959,
    89872.04789129806,
    636.9557977430799,
    650.0898592634857,
    0.9861114484504206,
    -78739.64047000001,
    761.9914807006146,
    1247.4582503192744
  ],
  "scale": [
    2251.6808493810217,
    2239.890541788245,
    2274.4070523422142,
    2252.396568516086,
    6897.527678094371,
    0.005357062353801302,
    0.00534510167405933,
    3102.9206953577996,
    3114.7694291200482,
    3126.91749120533,
    3106.8527478222613,
    2038.4835907367299,
    1720.321434822191,
    595.8168246913128,
    12.95477485472486,
    16.393860224560957,
    14.966192759504528,
    14.151236686037599,
    496.38698666431515,
    172.63501744892582,
    457.19353467906507,
    0.331332290578439,
    32.60376621976688,
    31.430922009938868,
    2108.6300868455523,
    173.4823482962593,
    116.98605917838277,
    0.2295600313095686,
    58463.47670044399,
    522.1563081881609,
    645.2562940562055
  ],
  "n_features_in_": 31
}