{
  "mean": [
    89696.66279999998,
    90013.876,
    89376.9368,
    89692.1316,
    6520.374778,
    -5.482169352755171e-05,
    -4.0580103099723076e-05,
    126898.80459684253,
    127335.06486789748,
    126446.39340298701,
    126884.68247120168,
    89702.31332640334,
    89755.28297117518,
    90282.77900166114,
    30.56593603068572,
    47.57042624135414,
    46.88404802283048,
    46.095084165047766,
    -42.57792376670884,
    0.16533693174876044,
    -46.79581869224686,
    0.4816101515762051,
    51.7850169930063,
    51.616081390410265,
    89698.33946747598,
    647.7706528832307,
    660.3246290704319,
    0.9847746060274285,
    -64470.136091999964,
    791.6511914234273,
    1249.9787936226815
  ],
  "scale": [
    2268.199881548396,
    2255.6473128359403,
    2286.1443333100738,
    2268.6723637849163,
    6891.235531807734,
    0.0053407349084124206,
    0.005329018039806602,
    3047.332842719627,
    3046.324942639755,
    3065.3931073553345,
    3043.6814596550953,
    2104.2079999708253,
    1839.66470781823,
    794.1691000475929,
    13.558253900850056,
    15.861741195070952,
    13.42348340312376,
    11.25772326096562,
    501.2413494821032,
    175.9128700263443,
    459.4054136602658,
    0.33133742717870956,
    32.38978661181794,
    31.25688680552331,
    2124.4978381680403,
    172.34036797362637,
    108.31946477858544,
    0.2252445652666024,
    59469.300608717065,
    515.1174302978313,
    624.2420229523101
  ],
  "n_features_in_": 31
}