{
  "mean": [
    89622.91480000001,
    89835.4352,
    89415.3318,
    89630.65179999999,
    4604.012542,
    8.280218047416186e-05,
    8.823984671289951e-05,
    127433.12794817243,
    127734.87547352914,
    127142.3235652911,
    127446.13545889367,
    89639.13062370064,
    89665.72163636364,
    89787.01421926911,
    26.786863317539954,
    52.48821671162036,
    52.02793259201291,
    50.978044666417674,
    49.40503191953708,
    2.471268834111155,
    50.37807314079017,
    0.5735051597780303,
    52.537282758773486,
    52.485049796824825,
    89594.68530301058,
    429.7703804091819,
    462.6474388314849,
    0.9416651759219471,
    17761.024316,
    420.8389214969687,
    633.1126160749453
  ],
  "scale": [
    1958.6605682815384,
    1992.08622787292,
    1933.5111669418307,
    1957.3304958787005,
    4844.356179747281,
    0.003296863033773622,
    0.003296403375362785,
    2638.2469240683463,
    2695.9311893085264,
    2587.4518609903116,
    2632.7733831390283,
    1902.2680434149768,
    1837.4870410941335,
    1395.9783108067757,
    13.167438919029056,
    13.808951059110202,
    11.669592865254494,
    10.095018572173693,
    233.6033382821356,
    79.1331044103188,
    214.9581799254717,
    0.30945223708674713,
    29.750742696778747,
    28.277538645297458,
    1924.8776841223078,
    147.30002650782606,
    149.98104936082245,
    0.2345499853065965,
    38021.01040256301,
    232.57752258284825,
    244.66882462781712
  ],
  "n_features_in_": 31
}