{
  "mean": [
    90035.12520000001,
    90257.2016,
    89830.9966,
    90051.029,
    4776.550077999999,
    0.0001697579607862493,
    0.00017540425411800988,
    128122.87043438398,
    128458.6503640899,
    127815.31284407113,
    128149.3006180622,
    90001.27936590437,
    89972.55443902439,
    90198.50004485049,
    29.35592331415269,
    54.92997339503272,
    54.94067152147211,
    54.94001491669661,
    87.10235394456514,
    5.124899717060993,
    80.16831891564797,
    0.5933925942429352,
    51.672885574712005,
    51.85179491564601,
    89968.039701422,
    434.393310477181,
    461.3026731416049,
    0.9629489789850711,
    27874.840044,
    455.79079445270145,
    672.9791925545469
  ],
  "scale": [
    2123.4360378888173,
    2177.308550168634,
    2091.046775538137,
    2130.5049287009406,
    5039.060669284003,
    0.0033555248203814094,
    0.0033571885719059233,
    2795.5142508296544,
    2863.053792158658,
    2764.1360194061112,
    2803.896073407618,
    1957.5487644224224,
    1821.6091507949163,
    1311.195641321503,
    15.217274304423105,
    14.451783084841718,
    12.195050359743053,
    10.209166136174646,
    273.16800885660723,
    84.59941491285791,
    248.86318624391905,
    0.3095103893460664,
    30.085034012929924,
    28.613239817029445,
    2069.044821563012,
    153.49357952117575,
    154.5182049961474,
    0.25541824266114344,
    45662.912794688746,
    268.2103886899969,
    283.61024899868744
  ],
  "n_features_in_": 31
}