{
  "method": "mutual_info",
  "top_k": 5,
  "collinearity_threshold": 0.85,
  "selected_features": [
    "feature_0",
    "feature_1",
    "feature_7",
    "feature_3",
    "feature_6"
  ],
  "feature_scores": {
    "feature_0": 0.4812421487471159,
    "feature_1": 0.21761436234934672,
    "feature_2": 0.0,
    "feature_3": 0.04727769218651545,
    "feature_4": 0.0,
    "feature_5": 0.0,
    "feature_6": 0.02487202298643343,
    "feature_7": 0.08986273416779733,
    "feature_8": 0.0,
    "feature_9": 0.0,
    "feature_10": 0.0,
    "feature_11": 0.0,
    "feature_12": 0.015449245976625114,
    "feature_13": 0.0,
    "feature_14": 0.0
  }
}